1475636901165,207168147648669,-1.1951147,0.42032593,8.978929
1475636901166,207168152613949,-1.0873389,0.3939807,8.915461
1475636901166,207168157579229,-1.2011023,0.41673338,9.032816
1475636901167,207168162544509,-1.0921289,0.4670288,8.87714
1475636901167,207168167509789,-1.1520044,0.4682263,8.968151
1475636901167,207168172475069,-1.1879296,0.46942383,9.032816
1475636901168,207168271408273,-1.1687695,0.5053491,8.760982
1475636901168,207168276342520,-1.2681628,0.45265868,8.717871
1475636901196,207168281307800,-1.3004956,0.45026368,8.668774
1475636901197,207168286242047,-1.343606,0.39996827,8.753797
1475636901199,207168291176294,-1.3807287,0.44906616,8.612491
1475636901199,207168296141574,-1.3352234,0.29817992,9.073531
1475636901219,207168301075821,-0.8214917,0.44667113,7.9670324
1475636901232,207168306041101,1.3040881,-0.1592688,9.140592
1475636901235,207168310975348,1.890868,-0.19399658,10.291399
1475636901236,207168315909595,4.531377,-0.05748047,4.827162
1475636901239,207168320874875,-5.686974,1.3543836,4.3206153
1475636901251,207168325809122,1.4920971,-0.49576905,20.751646
1475636901255,207168330774402,-7.021,1.1064991,-5.3145485
1475636901267,207168335708649,8.61728,-1.2226574,11.159594
1475636901270,207168340642896,-3.1961536,1.5028747,26.441015
1475636901272,207168345608176,-12.139156,1.8333875,2.137555
1475636901275,207168350542423,-4.719386,0.5388794,-11.773916
1475636901278,207168355507703,5.8438478,-0.9580078,-3.7769458
1475636901279,207168360441950,10.801538,-1.1807446,12.212205
1475636901280,207168365376197,9.277108,-0.4897815,24.56332
1475636901282,207168370341477,3.8464015,0.4514612,29.577293
1475636901300,207168375275724,-2.6417065,1.2022998,27.703192
1475636901303,207168380209971,-8.27599,1.8082397,21.301304
1475636901304,207168385175251,-11.915222,1.8705102,12.450509
1475636901305,207168390109498,-13.380974,1.8082397,3.4057178
1475636901307,207168395074778,-5.4738173,0.5999524,-9.11784
1475636901318,207168400009025,6.41506,-1.1196716,15.250287
1475636901319,207168404943272,-6.1683726,1.6154407,3.0404773
1475636901321,207168409908552,-3.8140686,0.086220704,18.597326
1475636901323,207168414842799,1.5232325,-0.88974977,7.763456
1475636901324,207168419777046,2.3710694,0.065863036,8.816067
1475636901327,207168424742326,1.1388317,0.05149292,9.269923
1475636901329,207168429676573,-0.7843689,0.11496094,10.202784
1475636901330,207168434610820,-3.1015503,0.41314086,10.07944
1475636901331,207168439576100,-2.327959,0.5879773,7.604187
1475636901333,207168444510347,0.38440064,0.3065625,8.273595
1475636901351,207168449475627,-2.3123913,0.25267455,9.685459
1475636901353,207168454409874,-0.65743285,0.3939807,7.9035645
1475636901354,207168459344121,-1.839375,0.14489868,9.265133
1475636901356,207168464309401,-0.732876,0.26584718,8.214917
1475636901358,207168469243648,-2.1052222,0.14010864,8.794512
1475636901361,207168474177895,-1.1005114,0.05508545,8.55501
1475636901363,207168479143175,-1.1963123,0.21315674,8.432864
1475636901364,207168484077422,-1.5376025,0.1484912,8.416099
1475636901371,207168489042702,-1.3795313,-0.040715333,8.3191
1475636901379,207168493976949,-1.2537928,0.05149292,8.241262
1475636901387,207168498911196,-1.2082874,0.23830444,8.338261
1475636901389,207168503876476,-1.035846,0.0047900393,8.491542
1475636901390,207168508810723,-0.9627979,-0.04550537,8.6843405
1475636901392,207168513744970,-0.920885,-0.031135254,8.799302
1475636901400,207168518710250,-0.89334226,-0.0059875487,8.850795
1475636901405,207168523644497,-0.8370593,0.062270507,8.915461
1475636901408,207168528609777,-0.8861572,0.07544312,8.861572
1475636901416,207168533544024,-0.91010743,0.11376343,8.819659
1475636901421,207168538478271,-0.95441526,0.13292359,8.811276
1475636901423,207168543443551,-0.9568103,0.20716919,8.725056
1475636901427,207168548377798,-1.0693762,0.22632934,8.723859
1475636901441,207168553343078,-1.0981164,0.25027955,8.643625
1475636901448,207168558277325,-1.1424243,0.36164796,8.649613
1475636901461,207168563211572,-1.0466236,0.34847534,8.56938
1475636901466,207168568176852,-1.0861413,0.4179309,8.704699
1475636901467,207168573111099,-0.9807605,0.48259643,8.875942
1475636901471,207168578076379,-0.82747924,0.5173242,9.0004835
1475636901474,207168583010626,-0.7723938,0.5065466,9.285491
1475636901476,207168587944873,-0.6490503,0.4921765,9.333391
1475636901480,207168592910153,-0.5640271,0.61073,9.647139
1475636901485,207168597844400,-0.7364685,0.38799316,9.847123
1475636901507,207168602809680,-0.7496411,0.28740233,10.071057
1475636901510,207168607743927,-0.7855664,0.20477417,10.424322
1475636901515,207168612678174,-0.9472302,0.123343505,10.772798
1475636901518,207168617643454,-0.9460327,0.12933105,11.486514
1475636901522,207168622577701,-1.2549902,0.027542725,12.060121
1475636901523,207168627511948,-1.2561878,0.11735596,12.923526
1475636901526,207168632477228,-1.3352234,0.38320312,13.788128
1475636901528,207168637411475,-1.3196558,0.75083864,14.568904
1475636901529,207168642345722,-1.2513977,1.3184582,15.0994005
1475636901530,207168647311002,-1.1963123,1.6573535,15.735278
1475636901532,207168652245249,-0.9927356,1.2837305,15.756833
1475636901543,207168657179496,-1.1915222,1.7902771,18.220112
1475636901545,207168662144776,-1.169967,1.8968555,19.818787
1475636901547,207168667079023,-1.3028907,1.729204,21.339624
1475636901554,207168672013270,-1.4813195,1.2226574,23.00536
1475636901557,207168676978550,-2.2477257,1.0514135,24.498655
1475636901562,207168681912797,-2.999762,1.0490185,25.887766
1475636901568,207168686847044,-3.6284547,0.9580078,27.10324
1475636901574,207168691812324,-4.3780956,0.9556128,27.226582
1475636901577,207168696746571,-5.215155,1.2933105,26.463768
1475636901582,207168701680818,-6.551576,1.5184424,25.497377
1475636901587,207168706646098,-7.4125853,2.9015663,23.829247
1475636901592,207168711580345,-7.852072,4.1757164,23.387365
1475636901596,207168716514592,-8.177794,5.20318,22.792204
1475636901602,207168721479872,-8.446036,6.143225,22.102438
1475636901606,207168726414119,-8.62207,7.2102065,21.624632
1475636901611,207168731379399,-9.174122,8.065228,21.358784
1475636901618,207168736313646,-9.631571,8.818462,21.574335
1475636901621,207168741247893,-10.134525,9.073531,21.49051
1475636901626,207168746213173,-9.880653,8.853189,21.8318
1475636901632,207168751147420,-10.017169,7.9203296,22.176683
1475636901636,207168756112700,-10.105785,6.5695386,22.684427
1475636901641,207168761046947,-10.095007,5.533693,23.281984
1475636901646,207168765981194,-10.220746,5.1121693,23.764582
1475636901651,207168770946474,-10.299782,4.942123,23.91906
1475636901656,207168775880721,-10.437495,4.878655,23.60651
1475636901661,207168780846001,-10.736873,4.9373326,22.82334
1475636901666,207168785780248,-10.9703865,4.8103967,21.786295
1475636901671,207168790714495,-11.1320505,4.6523256,20.713326
1475636901676,207168795679775,-11.296109,4.235592,19.780466
1475636901681,207168800614022,-11.049422,3.798501,18.56619
1475636901686,207168805579302,-10.932067,3.2859669,17.642912
1475636901691,207168810513549,-11.124866,2.5997937,16.734001
1475636901696,207168815447796,-11.161988,1.9603235,15.753241
1475636901701,207168820413076,-11.092533,1.4609619,14.761703
1475636901706,207168825347323,-11.109298,1.0214758,13.415702
1475636901711,207168830312603,-10.583591,0.59516233,12.337943
1475636901717,207168835246850,-10.686577,0.37721556,10.888956
1475636901721,207168840181097,-11.099718,0.022752685,9.592053
1475636901726,207168845146377,-10.7380705,-0.2323169,7.884404
1475636901731,207168850080624,-10.483001,-0.5281018,6.5372057
1475636901736,207168855045904,-10.235116,-0.6215076,5.2163525
1475636901741,207168859980151,-10.215956,-0.83945435,3.9960902
1475636901746,207168864914398,-9.79084,-0.9196875,2.682422
1475636901751,207168869879678,-9.677076,-1.1807446,1.6357983
1475636901756,207168874813925,-9.347761,-1.3567786,0.7711963
1475636901761,207168879779205,-8.33347,-1.228645,0.068258055
1475636901766,207168884713452,-7.550299,-1.4992822,-0.5125342
1475636901771,207168889647699,-6.7359924,-1.7339941,-0.8214917
1475636901776,207168894612979,-6.1683726,-2.017804,-0.68018556
1475636901781,207168899547226,-5.86181,-2.4824378,-1.1304492
1475636901786,207168904512506,-5.4821997,-2.7686427,-1.3627661
1475636901791,207168909446753,-5.0091834,-2.8369007,-1.3352234
1475636901796,207168914381000,-4.58766,-2.9518616,-1.2070899
1475636901801,207168919346280,-4.421206,-2.8536658,-1.0813513
1475636901806,207168924280527,-4.113446,-2.9003687,-0.2969824
1475636901811,207168929245807,-3.732638,-2.8045678,0.26704466
1475636901816,207168934180054,-3.2560291,-2.8201356,0.3185376
1475636901821,207168939114301,-2.5387206,-2.7542725,-0.123343505
1475636901826,207168944079581,-1.8250049,-2.7590625,-0.84424436
1475636901831,207168949013828,-0.8837622,-2.7830126,-1.4465919
1475636901836,207168953979108,-0.19998413,-2.6117687,-2.123185
1475636901841,207168958913355,0.53528684,-2.386637,-2.8812084
1475636901846,207168963847602,1.1747571,-2.0992346,-3.319497
1475636901851,207168968812882,1.902843,-1.6549585,-3.7506006
1475636901856,207168973747129,2.4776478,-1.2130774,-4.3289976
1475636901861,207168978681376,2.9231215,-0.8837622,-4.6415477
1475636901866,207168983646656,1.971101,-0.7041357,-5.4881873
1475636901871,207168988580903,2.3315516,-0.16286133,-5.3408937
1475636901876,207168993546183,2.4369323,0.22992188,-5.6558385
1475636901881,207168998480430,2.5387206,0.44786865,-6.375542
1475636901886,207169003445710,2.6848168,0.5939648,-7.1371584
1475636901891,207169008379957,2.7961853,0.72928345,-8.046068
1475636901896,207169013314204,3.0009594,0.7831714,-8.922646
1475636901901,207169018279484,3.0955627,0.94842774,-9.727372
1475636901906,207169023213731,3.109933,1.0490185,-10.018367
1475636901911,207169028179011,3.333867,0.9939331,-10.300979
1475636901916,207169033113258,3.4751732,0.97716796,-10.821896
1475636901921,207169038047505,3.7266505,0.803529,-11.264975
1475636901926,207169043012785,3.8188586,0.6382727,-11.533216
1475636901931,207169047947032,4.0116577,0.20836669,-11.852952
1475636901935,207169052912312,4.2727146,-0.1484912,-12.061318
1475636901941,207169057846559,4.8726673,-0.43828857,-11.720028
1475636901946,207169062780806,5.5684204,-0.7484436,-10.896141
1475636901951,207169067746086,6.815028,-1.1005114,-9.843531
1475636901956,207169072680333,8.303533,-1.4058765,-8.308323
1475636901960,207169077645613,9.602831,-1.8525476,-7.388635
1475636901966,207169082579860,10.461445,-2.2752686,-7.1048255
1475636901971,207169087514107,11.258986,-2.5830286,-7.6233473
1475636901975,207169092479387,11.126063,-2.6117687,-7.683223
1475636901981,207169097413634,10.564431,-2.4920177,-7.564669
1475636901986,207169102347881,9.893826,-2.1435425,-7.474856
1475636901991,207169107313161,9.190887,-1.8705102,-7.3575
1475636901995,207169112247408,8.30473,-1.8573376,-7.260502
1475636902000,207169117212688,7.676038,-1.9303857,-7.084468
1475636902006,207169122146935,7.052135,-2.0333717,-6.8246083
1475636902010,207169127081182,6.6749196,-1.9064355,-6.312074
1475636902015,207169132046462,6.42943,-1.5711328,-6.085745
1475636902023,207169136980709,6.4653554,-1.1591895,-6.1623855
1475636902026,207169141945989,6.7898803,-0.78915894,-6.5012803
1475636902030,207169146880236,7.0389624,-0.5556445,-6.9898643
1475636902035,207169151814483,7.492819,-0.19758911,-7.286847
1475636902040,207169156779763,7.9287124,0.19998413,-7.316785
1475636902045,207169161714010,8.217312,0.57480466,-7.364685
1475636902051,207169166648257,8.111931,0.8190967,-7.380253
1475636902056,207169171613537,7.7299256,1.0789562,-7.550299
1475636902061,207169176547784,7.2928343,1.1184741,-7.5778418
1475636902065,207169181513064,6.7324,1.2609777,-7.6868153
1475636902070,207169186447311,6.1959157,1.2082874,-7.850874
1475636902075,207169191381558,5.779182,1.2466077,-7.8736267
1475636902080,207169196346838,5.3971767,1.1843371,-7.838899
1475636902090,207169201281085,5.0942063,1.0957215,-7.7251353
1475636902093,207169206215332,4.878655,1.0729687,-7.467671
1475636902096,207169211180612,4.88584,1.0142908,-7.1754785
1475636902100,207169216114859,4.726571,0.9364526,-6.6282167
1475636902105,207169221049106,4.748126,0.85023195,-6.3180614
1475636902110,207169226014386,4.724176,0.82268924,-5.989944
1475636902116,207169230948633,4.7457314,0.6933582,-5.6785913
1475636902120,207169235882880,4.6271777,0.54366946,-5.430707
1475636902125,207169240848160,4.5421543,0.55923706,-5.4582496
1475636902130,207169245782407,4.2511597,0.33650026,-5.3528686
1475636902135,207169250716654,3.7278478,0.26105714,-4.998406
1475636902140,207169255681934,3.1614258,0.16884887,-4.5888577
1475636902145,207169260616181,2.5147705,0.014370117,-4.309838
1475636902151,207169265581461,1.9962487,-0.062270507,-4.1361985
1475636902155,207169270515708,1.5423926,-0.26824218,-3.9242394
1475636902160,207169275449955,1.165177,-0.064665526,-3.7949085
1475636902165,207169280415235,0.81310916,-0.028740235,-3.5865417
1475636902170,207169285349482,0.55803955,0.16405883,-3.4775684
1475636902175,207169290283729,0.25147706,0.2335144,-3.5087037
1475636902180,207169295249009,0.10897339,0.39757323,-3.3973353
1475636902185,207169300183256,-0.0059875487,0.7316785,-3.3470397
1475636902190,207169305117503,-0.05628296,1.0897338,-3.2967443
1475636902195,207169310082783,-0.19040406,1.275348,-3.3566198
1475636902200,207169315017030,-0.23830444,1.5388,-3.551814
1475636902205,207169319951277,-0.22632934,1.7483642,-3.7589831
1475636902210,207169324916557,-0.38679564,1.8800904,-3.9469922
1475636902215,207169329850804,-0.45864624,1.8812878,-4.1074586
1475636902220,207169334816084,-0.5628296,1.83698,-4.5637097
1475636902225,207169339750331,-0.7580237,1.7771045,-4.855902
1475636902230,207169344684578,-1.2094848,1.6501684,-4.9864306
1475636902235,207169349649858,-1.5232325,1.5124549,-4.8570995
1475636902240,207169354584105,-2.0992346,1.2250525,-4.60203
1475636902245,207169359518352,-4.0487804,0.40595582,-2.7279272
1475636902251,207169364483632,-6.1935205,-0.88974977,-0.13651611
1475636902255,207169369417879,-7.388635,-1.9543359,-1.9902612
1475636902260,207169374383159,-7.1515284,-1.9974463,-6.2641735
1475636902265,207169379317406,-10.003997,-2.598596,-8.679551
1475636902270,207169384251653,-14.08511,-3.6524048,-7.2018237
1475636902275,207169389216933,-16.911232,-5.070256,-5.2654505
1475636902280,207169394151180,-18.515896,-6.222261,-4.29906
1475636902285,207169399085427,-19.179316,-6.828201,-3.2296839
1475636902290,207169404050707,-19.049986,-6.4258375,-1.2442126
1475636902295,207169408984954,-17.838106,-5.395979,0.16166382
1475636902300,207169413950234,-16.095728,-4.5325747,2.13995
1475636902305,207169418884481,-14.167738,-4.355343,4.085903
1475636902309,207169423818728,-12.634926,-4.6882505,5.605543
1475636902314,207169428784008,-11.862532,-5.0103807,7.6904078
1475636902319,207169433718255,-11.461366,-5.277426,9.764495
1475636902324,207169438652502,-11.371552,-5.7121215,11.6314125
1475636902330,207169443617782,-11.684103,-6.292914,12.8133545
1475636902334,207169448552029,-12.428954,-6.9695067,13.198953
1475636902339,207169453486276,-12.91634,-7.413783,13.567785
1475636902344,207169458451556,-15.215559,-7.394623,12.072096
1475636902349,207169463385803,8.611293,-2.046544,13.327086
1475636902355,207169468351083,-18.924248,-3.305127,15.415544
1475636902359,207169473285330,-23.798111,-5.649851,10.540481
1475636902364,207169478219577,-24.02923,-4.4331813,9.46392
1475636902369,207169483184857,-21.183949,-2.3519092,9.748927
1475636902374,207169488119104,-19.123034,-1.5555652,9.229208
1475636902379,207169493084384,-17.905167,-1.1172767,10.818303
1475636902385,207169498018631,-16.865728,-1.3723462,12.336745
1475636902389,207169502952878,-16.401094,-1.6202307,13.927038
1475636902394,207169507918158,-15.876584,-1.5136523,15.519727
1475636902399,207169512852405,-16.083754,-1.5052698,16.834593
1475636902404,207169517786652,-16.986675,-1.783092,18.453625
1475636902409,207169522751932,-17.881216,-2.2189856,19.84154
1475636902414,207169527686179,-18.815273,-2.581831,21.183949
1475636902419,207169532620426,-19.669098,-2.882406,22.782623
1475636902436,207169537585706,-19.689455,-2.842888,24.786057
1475636902439,207169542519953,-19.501446,-2.9566517,25.735682
1475636902441,207169547485233,-18.92784,-2.5590785,27.416986
1475636902443,207169552419480,-18.205742,-1.8824854,28.043283
1475636902445,207169557353727,-17.9854,-1.2202624,28.774961
1475636902449,207169562319007,-17.535135,-0.52091676,29.38689
1475636902454,207169567253254,-17.036972,-0.11136841,29.317434
1475636902459,207169572187501,-16.781902,0.39996827,30.027557
1475636902464,207169577152781,-16.161592,1.2729529,29.935349
1475636902469,207169582087028,-16.063396,2.8165429,30.129345
1475636902474,207169587021275,-16.07178,3.923042,29.740154
1475636902479,207169591986555,-16.059803,5.0989966,29.241991
1475636902485,207169596920802,-15.464642,7.052135,29.816795
1475636902489,207169601855049,-15.159276,8.679551,30.056297
1475636902494,207169606820329,-14.224021,10.116563,30.23832
1475636902505,207169611754576,-12.451707,11.811039,31.259794
1475636902508,207169616719856,-11.820619,12.722343,31.874117
1475636902509,207169621654103,-11.994258,13.24326,32.00225
1475636902514,207169626588350,-10.74286,13.374987,32.508797
1475636902519,207169631553630,-10.215956,12.961845,33.21413
1475636902524,207169636487877,-10.7380705,11.733201,32.68124
1475636902529,207169641422124,-11.99785,10.280622,32.417786
1475636902534,207169646387404,-12.867243,9.654324,31.983091
1475636902539,207169651321651,-13.562996,9.662706,30.993948
1475636902544,207169656255898,-13.676759,9.927356,30.044323
1475636902549,207169661221178,-13.846806,10.299782,29.13182
1475636902554,207169666155425,-13.724659,10.395582,28.32829
1475636902559,207169671089672,-13.612094,10.336905,27.668463
1475636902564,207169676054952,-13.81088,10.164463,27.353518
1475636902569,207169680989199,-13.952187,9.885443,26.854156
1475636902574,207169685954479,-14.10427,9.675879,26.60268
1475636902579,207169690888726,-14.596447,9.655521,26.091343
1475636902585,207169695822973,-15.025155,9.56451,25.54049
1475636902589,207169700788253,-15.286212,9.687854,24.815994
1475636902594,207169705722500,-15.6550455,9.556128,24.413631
1475636902599,207169710656747,-15.924485,9.307046,23.466402
1475636902603,207169715622027,-16.162788,8.855585,22.403013
1475636902609,207169720556274,-16.135246,8.180189,21.116888
1475636902613,207169725521554,-16.367563,7.68442,20.21636
1475636902619,207169730455801,-16.472944,7.2269716,18.52308
1475636902623,207169735390048,-16.62383,6.5384035,17.143549
1475636902629,207169740355328,-14.677877,6.3839245,18.16263
1475636902633,207169745289575,-14.773678,5.667814,14.706617
1475636902644,207169750223822,-17.056131,4.439169,15.192806
1475636902647,207169755189102,-19.24997,3.0764027,14.121036
1475636902649,207169760123349,-17.911154,3.0165272,12.513977
1475636902653,207169765057596,-19.07154,2.4872277,11.684103
1475636902658,207169770022876,-19.859503,1.6884887,10.4566555
1475636902663,207169774957123,-20.55286,0.7161108,8.762179
1475636902668,207169779891370,-20.665426,-0.57959473,7.8029737
1475636902673,207169784856650,-19.237995,-0.6215076,6.9216065
1475636902678,207169789790897,-19.860699,-1.5076648,6.497688
1475636902685,207169794756177,-19.152971,-2.086062,6.2977037
1475636902688,207169799690424,-18.817669,-2.7985804,6.1959157
1475636902694,207169804624671,-17.909956,-3.1051428,6.1348424
1475636902698,207169809589951,-16.80226,-3.2117212,5.7097263
1475636902703,207169814524198,-15.164066,-2.826123,5.5073476
1475636902709,207169819458445,-13.968951,-2.4536974,5.037924
1475636902713,207169824423725,-13.319901,-2.1016297,4.326603
1475636902719,207169829357972,-13.043277,-1.7771045,3.6212695
1475636902723,207169834292219,-12.496015,-1.583108,2.9219239
1475636902728,207169839257499,-12.358301,-1.7351917,2.1686902
1475636902733,207169844191746,-12.201427,-2.0058289,1.5064673
1475636902739,207169849157026,-11.726016,-2.0166063,0.9568103
1475636902743,207169854091273,-10.976375,-1.7950672,0.8681946
1475636902748,207169859025520,-11.643388,-2.403402,-0.5065466
1475636902753,207169863990800,-11.178754,-2.4704626,-0.6730005
1475636902758,207169868925047,-10.448273,-2.3686743,-1.5603552
1475636902763,207169873859294,-9.923763,-2.2680836,-2.3099964
1475636902768,207169878824574,-9.292676,-2.0118165,-2.44292
1475636902773,207169883758821,-8.53585,-2.0094213,-2.4297473
1475636902778,207169888724101,-7.571854,-2.2776635,-2.1902454
1475636902783,207169893658348,-6.7503624,-2.591411,-1.8609302
1475636902788,207169898592595,-5.550458,-2.990182,-1.9722986
1475636902793,207169903526842,-5.51573,-3.1003528,-2.2381458
1475636902798,207169908492122,-5.4235215,-3.150648,-1.2166699
1475636902803,207169913426369,-5.454657,-3.7973034,-1.6142431
1475636902808,207169918391649,-4.7553115,-3.5853443,-1.0490185
1475636902813,207169923325896,-4.336183,-3.4524207,0.05149292
1475636902819,207169928260143,-3.5685792,-2.8392956,0.04670288
1475636902823,207169933225423,-3.2201037,-2.4010072,-0.38440064
1475636902828,207169938159670,-2.75547,-1.9962487,-0.73407346
1475636902833,207169943093917,-2.5027955,-1.5579602,-1.1795471
1475636902838,207169948059197,-2.264491,-1.1855347,-1.959126
1475636902843,207169952993444,-1.9854712,-0.8083191,-2.7135572
1475636902848,207169957927691,-1.5100598,-0.44547364,-3.624862
1475636902853,207169962892971,-1.1807446,-0.16645385,-4.1469765
1475636902858,207169967827218,-0.49097902,0.05269043,-4.362528
1475636902863,207169972761465,0.13292359,0.37841308,-4.5780797
1475636902868,207169977726745,0.65623534,0.50894165,-4.8582973
1475636902873,207169982660992,0.5484595,0.70772827,-5.1049843
1475636902878,207169987595239,1.0981164,0.6825806,-5.3217335
1475636902883,207169992560519,1.6741186,0.54606444,-5.5193224
1475636902888,207169997494766,2.0597167,0.6514453,-5.5732102
1475636902893,207170002429013,2.3543043,0.86579955,-5.210365
1475636902904,207170007394293,2.6033862,1.1867322,-4.89063
1475636902907,207170012328540,2.7806177,1.5890955,-4.951703
1475636902908,207170017262787,3.1757958,1.8273998,-5.107379
1475636902913,207170022228067,3.6440222,2.1926403,-5.7468495
1475636902918,207170027162314,4.3074427,2.6776319,-6.5012803
1475636902923,207170032096561,4.7816563,3.0356872,-7.310797
1475636902928,207170037061841,4.9373326,3.2668066,-7.919132
1475636902933,207170041996088,4.9852333,3.5230737,-8.941806
1475636902938,207170046930335,4.6499305,3.5805542,-9.669891
1475636902943,207170051895615,4.174519,3.6332445,-9.914184
1475636902948,207170056829862,4.101471,3.4129028,-9.231603
1475636902952,207170061764109,4.204457,3.009342,-8.962163
1475636902958,207170066729389,4.6152024,2.5878186,-8.317903
1475636902963,207170071663636,4.9433203,2.318379,-8.022118
1475636902968,207170076597883,5.422324,2.1387525,-8.265212
1475636902973,207170081563163,5.716912,1.8106347,-8.644823
1475636902978,207170086497410,6.1204724,1.5052698,-8.974138
1475636902983,207170091431657,6.228248,0.85502195,-8.921448
1475636902994,207170096396937,6.3048887,0.21555176,-8.441246
1475636902995,207170101331184,7.0868626,-0.031135254,-8.171806
1475636902997,207170106265431,7.2976246,-0.39877075,-7.3275623
1475636903002,207170111230711,7.6161623,-0.38320312,-6.724017
1475636903007,207170116164958,7.984995,-0.3556604,-6.4330225
1475636903012,207170121130238,8.847202,-0.043110352,-6.2150755
1475636903018,207170126064485,9.198072,0.040715333,-5.908513
1475636903022,207170130998732,9.637559,0.16166382,-5.85223
1475636903027,207170135964012,9.764495,0.45984375,-5.621111
1475636903032,207170140898259,9.285491,0.5029541,-5.1456995
1475636903037,207170145832506,9.0004835,0.8262817,-5.2810183
1475636903042,207170150797786,8.449629,1.0645862,-5.716912
1475636903047,207170155732033,7.733518,0.9400452,-5.950426
1475636903052,207170160666280,7.013815,0.8837622,-6.051017
1475636903057,207170165631560,6.45338,1.0118958,-5.6797886
1475636903062,207170170565807,6.295309,1.275348,-5.374424
1475636903067,207170175531087,6.1073,1.6429834,-5.039121
1475636903072,207170180465334,6.030659,1.9148182,-4.8080015
1475636903077,207170185399581,5.9396486,1.893263,-4.3924656
1475636903082,207170190364861,5.7384667,1.7950672,-4.0667434
1475636903087,207170195299108,5.5780005,1.5196398,-3.732638
1475636903092,207170200264388,5.367239,1.4394068,-3.3087194
1475636903097,207170205198635,4.9529004,1.2669654,-2.9255164
1475636903102,207170210132882,4.714596,1.1076965,-2.5602758
1475636903112,207170215098162,4.531377,0.98674804,-2.2477257
1475636903115,207170220032409,4.2319994,0.85023195,-1.7435743
1475636903118,207170224966656,4.1098537,0.71251833,-1.3112732
1475636903122,207170229931936,6.533613,0.87298465,-1.096919
1475636903127,207170234866183,5.1480947,0.87298465,-0.14370117
1475636903132,207170239831463,4.934938,0.7244934,-0.49097902
1475636903137,207170244765710,4.629573,0.6610254,-0.3065625
1475636903142,207170249699957,4.6523256,0.50894165,-0.20956421
1475636903147,207170254665237,4.479884,0.5173242,-0.2694397
1475636903152,207170259599484,4.103866,0.37122804,-0.33530274
1475636903157,207170264533731,3.9314246,0.1844165,-0.41074586
1475636903162,207170269499011,3.685935,-0.0023950196,-0.53528684
1475636903167,207170274433258,4.0499783,0.10657837,-0.4658313
1475636903172,207170279398538,4.3589354,0.22393432,-0.3065625
1475636903177,207170284332785,4.628375,0.1580713,-0.20597167
1475636903182,207170289267032,4.7385464,0.034727782,-0.16884887
1475636903187,207170294232312,5.0738487,0.20237915,-0.043110352
1475636903192,207170299166559,5.20797,0.20477417,0.35326537
1475636903197,207170304100806,5.5588403,0.2969824,0.37003052
1475636903202,207170309066086,5.684579,0.366438,0.75083864
1475636903207,207170314000333,5.701344,0.36164796,1.4489868
1475636903212,207170318965613,5.3624487,-0.04670288,5.8905506
1475636903218,207170323899860,4.3074427,-0.53528684,9.730965
1475636903222,207170328834107,4.3780956,-0.77957886,7.113208
1475636903227,207170333799387,4.4176135,-0.6777905,2.7147546
1475636903232,207170338733634,3.8368213,-0.920885,0.05867798
1475636903237,207170343667881,3.06323,-1.6310083,-1.5867004
1475636903242,207170348633161,2.3602917,-2.137555,-2.2297633
1475636903247,207170353567408,1.9507434,-2.2321582,-1.8896704
1475636903252,207170358532688,1.5699353,-2.0525317,-1.4501843
1475636903257,207170363466935,1.3172607,-1.9483484,-1.2813355
1475636903262,207170368401182,0.9915381,-1.6693286,-1.0502161
1475636903271,207170373366462,0.93286014,-1.4861096,-1.0897338
1475636903287,207170378300709,0.7244934,-1.3567786,-1.1771522
1475636903288,207170383234956,0.70653075,-1.3603711,-1.4334192
1475636903289,207170388200236,0.49097902,-1.477727,-1.6405884
1475636903291,207170393134483,0.31734008,-1.5914905,-1.5651453
1475636903292,207170398099763,0.026345216,-1.717229,-1.341211
1475636903297,207170403034010,-0.5664221,-1.7088464,-0.8298743
1475636903307,207170407968257,-1.4154565,-1.9699036,-0.3065625
1475636903309,207170412933537,-2.5806336,-2.2632935,0.48259643
1475636903312,207170417867784,-3.6164794,-2.6536818,1.0585986
1475636903317,207170422802031,-4.340973,-3.171006,1.2705579
1475636903322,207170427767311,-4.566105,-3.7170703,0.9663904
1475636903327,207170432701558,-4.1373963,-3.9601648,0.14010864
1475636903331,207170437635805,-3.4631982,-4.064348,-0.6286926
1475636903337,207170442601085,-2.9494665,-4.0535707,-1.0286609
1475636903341,207170447535332,-3.3506324,-4.120631,-1.5567627
1475636903347,207170452469579,-6.0222764,-4.101471,-0.4754114
1475636903352,207170457434859,-8.657995,-4.167334,1.3974938
1475636903356,207170462369106,-10.453063,-4.2810974,3.2284863
1475636903361,207170467303353,-11.141631,-5.245093,3.556604
1475636903367,207170472268633,-10.438693,-5.80433,4.6643004
1475636903372,207170477202880,-10.029144,-6.333629,7.106023
1475636903377,207170482168160,-9.371712,-6.525231,8.489147
1475636903381,207170487102407,-8.909472,-6.3839245,9.873468
1475636903387,207170492036654,-8.844807,-6.3743443,11.104508
1475636903391,207170497001934,-8.777746,-6.098917,11.811039
1475636903396,207170501936181,-8.783734,-5.755232,12.208612
1475636903401,207170506870428,-8.808882,-5.391189,11.8637295
1475636903406,207170511835708,-8.8963,-4.763694,11.0602
1475636903411,207170516769955,-9.241183,-4.3709106,10.42552
1475636903416,207170521735235,-9.789642,-4.00567,10.971584
1475636903421,207170526669482,-10.220746,-3.8835242,11.529624
1475636903426,207170531603729,-10.07944,-3.735033,13.233681
1475636903431,207170536569009,-10.200388,-3.6416273,14.258749
1475636903436,207170541503256,-10.105785,-3.3937426,15.202387
1475636903441,207170546437503,-8.640033,-2.7147546,16.005915
1475636903446,207170551402783,-9.16574,-1.2597803,16.092136
1475636903452,207170556337030,-10.263856,0.5173242,20.79835
1475636903456,207170561302310,-13.410912,1.23104,22.131178
1475636903461,207170566236557,-13.385764,3.7290454,21.288132
1475636903466,207170571170804,-15.440691,7.2221813,17.029787
1475636903471,207170576136084,-17.147142,10.448273,13.626464
1475636903476,207170581070331,-18.232086,13.852793,16.786692
1475636903481,207170586004578,-16.870518,14.64794,15.213164
1475636903486,207170590969858,-15.789166,12.61337,16.053816
1475636903491,207170595904105,-14.0443945,9.78605,18.163828
1475636903496,207170600838352,-10.881771,8.52148,20.42233
1475636903501,207170605803632,-9.398057,7.6892104,20.849842
1475636903506,207170610737879,-9.172925,7.1275783,21.025877
1475636903511,207170615672126,-9.110654,7.1144056,20.799547
1475636903516,207170620637406,-9.760902,7.4485106,19.92776
1475636903521,207170625571653,-11.062595,7.6425076,19.363733
1475636903526,207170630536933,-11.94516,7.3563023,19.135008
1475636903531,207170635471180,-12.438534,6.842571,19.158958
1475636903536,207170640405427,-12.245735,6.2881236,19.372116
1475636903541,207170645370707,-11.648177,5.605543,19.325413
1475636903546,207170650304954,-10.947635,5.083429,19.3314
1475636903552,207170655270234,-10.414742,4.822372,19.449953
1475636903556,207170660204481,-10.07465,4.581672,19.223625
1475636903561,207170665138728,-9.886641,4.581672,18.718275
1475636903566,207170670104008,-9.503437,4.555327,18.193766
1475636903571,207170675038255,-8.954978,4.912185,17.412989
1475636903576,207170679972502,-8.638836,5.430707,16.914825
1475636903586,207170684937782,-8.201744,5.964796,16.259789
1475636903589,207170689872029,-7.9358974,6.211483,15.433506
1475636903591,207170694837309,-7.7059755,6.3108764,14.754518
1475636903596,207170699771556,-7.3131924,6.338419,13.846806
1475636903601,207170704705803,-7.5526943,6.109695,12.828922
1475636903606,207170709671083,-7.692803,5.7588243,12.294833
1475636903611,207170714605330,-7.836504,5.3061657,11.749966
1475636903616,207170719539577,-7.7933936,4.9552956,11.509266
1475636903621,207170724504857,-7.6796303,4.651128,11.321258
1475636903626,207170729439104,-7.7694435,4.319418,11.160791
1475636903631,207170734373351,-7.883207,3.9541771,11.063793
1475636903636,207170739338631,-7.683223,3.6643798,10.830278
1475636903641,207170744272878,-7.465276,3.446433,10.758428
1475636903646,207170749238158,-7.369475,3.319497,10.764416
1475636903652,207170754172405,-7.277267,3.145858,10.649454
1475636903656,207170759106652,-6.9850745,2.9889843,10.600356
1475636903661,207170764071932,-6.724017,2.8500733,10.557246
1475636903666,207170769006179,-6.502478,2.7961853,10.327324
1475636903671,207170773971459,-6.370752,2.8165429,10.083033
1475636903676,207170778905706,-6.082152,2.938689,9.921369
1475636903681,207170783839953,-5.9695864,3.0596375,9.630374
1475636903686,207170788805233,-5.936056,3.241659,9.386082
1475636903690,207170793739480,-5.8666005,3.3003368,8.9513855
1475636903696,207170798704760,-5.908513,3.3350646,8.560997
1475636903701,207170803639007,-5.86181,3.2213013,8.246052
1475636903706,207170808573254,-5.9612036,3.065625,8.054451
1475636903711,207170813538534,-5.879773,3.0296998,7.9227247
1475636903716,207170818472781,-5.9228835,2.8057654,7.8544664
1475636903720,207170823438061,-5.8019347,2.692002,7.644902
1475636903725,207170828372308,-5.825885,2.4297473,7.6389146
1475636903730,207170833306555,-5.8809705,2.283651,7.6856174
1475636903736,207170838271835,-5.7348742,2.0848646,7.6496925
1475636903740,207170843206082,-5.846243,1.8250049,7.733518
1475636903745,207170848140329,-5.950426,1.7842896,7.787406
1475636903751,207170853105609,-5.938451,1.6777111,7.757468
1475636903755,207170858039856,-5.7767873,1.6106507,7.676038
1475636903760,207170863005136,-5.7205043,1.4992822,7.4054003
1475636903765,207170867939383,-5.806725,1.3962964,7.259304
1475636903770,207170872873630,-5.7767873,1.3639636,7.1754785
1475636903775,207170877838910,-5.749244,1.4765296,7.1275783
1475636903780,207170882773157,-5.6079383,1.6693286,6.9671116
1475636903791,207170887707404,-5.5121374,1.7615368,6.979087
1475636903793,207170892672684,-5.4558544,1.9016455,6.7108445
1475636903796,207170897606931,-5.4019666,2.166295,6.617439
1475636903800,207170902572211,-5.3133507,2.2537134,6.603069
1475636903805,207170907506458,-5.1852174,2.2477257,6.551576
1475636903810,207170912440705,-5.0630713,2.2680836,6.565946
1475636903815,207170917405985,-5.0427136,2.1327648,6.844966
1475636903820,207170922340232,-5.0678616,2.074087,6.836583
1475636903825,207170927274479,-4.973258,2.0513341,6.979087
1475636903830,207170932239759,-4.951703,2.046544,7.0162096
1475636903835,207170937174006,-4.9624805,2.0848646,7.01142
1475636903840,207170942108253,-5.052294,2.0657043,6.8772984
1475636903845,207170947073533,-5.0989966,2.1171973,6.9671116
1475636903850,207170952007780,-5.1672544,2.1243823,6.900051
1475636903855,207170956942027,-5.2702403,2.1603076,6.949149
1475636903860,207170961907307,-5.1600695,2.3099964,7.0078273
1475636903865,207170966841554,-5.127737,2.342329,7.01142
1475636903870,207170971806834,-5.1480947,2.4692652,6.859336
1475636903875,207170976741081,-5.140909,2.4656725,6.8329906
1475636903880,207170981675328,-5.0810337,2.523153,6.744375
1475636903886,207170986640608,-5.0642686,2.4357347,6.580316
1475636903890,207170991574855,-5.1385145,2.3327491,6.653364
1475636903895,207170996509102,-5.1924024,2.2141955,6.582711
1475636903900,207171001474382,-5.108577,2.1411474,6.6988697
1475636903905,207171006408629,-5.0103807,1.9914588,6.8413734
1475636903910,207171011373909,-4.8235693,2.003434,6.9874697
1475636903915,207171016308156,-4.709806,1.9375708,7.103628
1475636903920,207171021242403,-4.629573,1.8178198,7.205416
1475636903925,207171026207683,-4.5134144,1.9112256,7.2269716
1475636903930,207171031141930,-4.3517504,2.015409,7.3024144
1475636903935,207171036076177,-4.3421702,1.9291883,7.1455407
1475636903940,207171041041457,-4.196074,1.9842737,7.2557116
1475636903945,207171045975704,-4.1565566,2.095642,7.2066135
1475636903950,207171050909951,-4.111051,2.1016297,7.2796617
1475636903955,207171055875231,-4.038003,2.1890478,7.308402
1475636903960,207171060809478,-4.047583,2.3016138,7.1215906
1475636903965,207171065743725,-4.115841,2.379452,6.9946547
1475636903970,207171070709005,-4.3002577,2.5279431,6.791078
1475636903975,207171075643252,-4.380491,2.450105,6.8701134
1475636903980,207171080608532,-4.4762917,2.45729,6.8258057
1475636903986,207171085542779,-4.414021,2.3064039,6.75635
1475636903990,207171090477026,-4.428391,2.0357666,6.868916
1475636904000,207171095442306,-4.3541455,1.9399658,6.9599266
1475636904003,207171100376553,-4.3936634,1.780697,7.252119
1475636904005,207171105341833,-4.3852806,1.6082556,7.315587
1475636904010,207171110276080,-4.3840833,1.5423926,7.4640784
1475636904015,207171115210327,-4.3062453,1.3879138,7.6221495
1475636904019,207171120175607,-4.1302114,1.3891113,7.733518
1475636904025,207171125109854,-4.162544,1.3567786,7.897577
1475636904029,207171130044101,-4.1002736,1.5220349,7.795789
1475636904035,207171135009381,-4.035608,1.6190332,7.8472815
1475636904040,207171139943628,-4.167334,1.6022681,7.67484
1475636904045,207171144908908,-4.2499623,1.7519568,7.5610766
1475636904049,207171149843155,-4.388873,1.8513501,7.4054003
1475636904055,207171154777402,-4.5469446,1.783092,7.3072047
1475636904059,207171159742682,-4.6643004,1.8741028,7.100035
1475636904065,207171164676929,-4.7397437,1.7280066,7.132368
1475636904070,207171169642209,-4.8032117,1.6908838,7.09285
1475636904075,207171174576456,-4.694238,1.6010705,7.204219
1475636904079,207171179510703,-4.590055,1.5591577,7.2736745
1475636904086,207171184475983,-4.479884,1.5148499,7.3419323
1475636904089,207171189410230,-4.3385777,1.409469,7.470066
1475636904095,207171194344477,-4.1170387,1.3244458,7.6544824
1475636904100,207171199309757,-4.157754,1.3052857,7.773036
1475636904105,207171204244004,-4.118236,1.2729529,7.8808117
1475636904109,207171209209284,-4.0044727,1.1939173,7.9299097
1475636904115,207171214143531,-4.028423,1.1951147,8.0305
1475636904119,207171219077778,-4.021238,1.2202624,8.208929
1475636904125,207171224043058,-4.1637416,1.2166699,8.042476
1475636904129,207171228977305,-4.472699,1.2573853,7.970625
1475636904135,207171233942585,-4.6187954,1.2609777,7.9909825
1475636904139,207171238876832,-4.643943,1.2561878,7.9251194
1475636904144,207171243811079,-4.7229786,1.353186,7.8820095
1475636904149,207171248776359,-4.756509,1.2717553,7.884404
1475636904154,207171253710606,-4.736151,1.3028907,7.8305163
1475636904159,207171258675886,-4.7181883,1.3040881,7.9287124
1475636904164,207171263610133,-4.5373645,1.3867164,7.8808117
1475636904169,207171268544380,-4.4247985,1.5184424,7.890392
1475636904174,207171273509660,-4.325405,1.5627502,7.9526625
1475636904179,207171278443907,-4.235592,1.6741186,8.0017605
1475636904185,207171283409187,-4.1876917,1.7208215,7.9119473
1475636904189,207171288343434,-4.0739284,1.8573376,8.060438
1475636904194,207171293277681,-3.9457946,1.8429675,8.134684
1475636904199,207171298242961,-3.9338195,1.8693128,8.262817
1475636904204,207171303177208,-3.8535864,1.7603394,8.404123
1475636904209,207171308111455,-3.7506006,1.7723144,8.49274
1475636904214,207171313076735,-3.7242553,1.653761,8.479567
1475636904219,207171318010982,-3.8356237,1.5723304,8.473579
1475636904224,207171322945229,-3.9709425,1.583108,8.284372
1475636904229,207171327910509,-4.1529636,1.4609619,8.267608
1475636904234,207171332844756,-4.2667274,1.5902929,8.242459
1475636904239,207171337810036,-4.3218126,1.4992822,8.171806
1475636904248,207171342744283,-4.2715173,1.4968872,8.165819
1475636904250,207171347678530,-4.311035,1.5495776,6.8749037
1475636904254,207171352643810,-3.8044884,2.1950355,8.0017605
1475636904259,207171357578057,-4.494254,0.47660887,6.6821046
1475636904264,207171362512304,-5.6821837,1.0873389,6.277346
1475636904269,207171367477584,-5.327721,2.3770568,7.891589
1475636904274,207171372411831,-4.214037,2.403402,7.885602
1475636904279,207171377377111,-3.666775,2.0094213,7.7622585
1475636904285,207171382311358,-3.1769934,1.9100281,7.8005786
1475636904289,207171387245605,-3.1566358,1.9124231,7.9251194
1475636904294,207171392210885,-3.3494349,2.0764818,7.834109
1475636904299,207171397145132,-3.7003052,2.0992346,7.5395217
1475636904304,207171402110412,-4.047583,1.8309925,7.514374
1475636904309,207171407044659,-4.355343,1.8166223,7.6233473
1475636904323,207171411978906,-4.4655137,1.6872913,7.653285
1475636904328,207171416944186,-4.636758,1.5986755,7.848479
1475636904329,207171421878433,-4.429589,1.8058448,7.96823
1475636904330,207171426843713,-4.230802,2.015409,8.236472
1475636904341,207171431777960,-3.9924974,2.029779,8.283175
1475636904343,207171436712207,-3.911067,2.1507275,8.349038
1475636904354,207171441677487,-3.624862,2.3806493,8.137079
1475636904356,207171446611734,-3.5290613,2.8596532,7.940687
1475636904358,207171451545981,-3.5182836,2.7267296,7.677235
1475636904359,207171456511261,-3.8200562,1.660946,7.5838294
1475636904368,207171461445508,-3.988905,1.1867322,7.719148
1475636904370,207171466410788,-4.174519,1.0226734,7.93949
1475636904384,207171471345035,-4.2511597,0.88855225,7.8879967
1475636904386,207171476279282,-4.437971,0.7113208,7.867639
1475636904387,207171481244562,-4.564907,0.59276736,7.7179503
1475636904392,207171486178809,-4.487069,0.59635985,7.806566
1475636904394,207171491144089,-4.3230104,0.87657714,7.9155397
1475636904405,207171496078336,-4.1589513,1.2094848,7.9742174
1475636904411,207171501012583,-4.127816,1.3112732,8.041278
1475636904412,207171505977863,-4.094286,1.4693445,8.000563
1475636904414,207171510912110,-4.233197,1.4980847,7.97781
